<?xml version="1.0" encoding="UTF-8"?>
<dgm:gDiagram xmlns:dgm="http://xmlns.oracle.com/sca/soadgm">
    <dgm:gService name="ReadWOTSewerAIData">
        <dgm:body borderWidth="2" arcRad="20" X="21" Y="333" width="137" height="84">
            <dgm:borderColor r="153" g="153" b="153"/>
            <dgm:bgColor r="255" g="255" b="255"/>
        </dgm:body>
        <dgm:shadow arcRad="20" X="11" Y="326" width="156" height="98">
            <dgm:bgColor r="196" g="228" b="240"/>
        </dgm:shadow>
        <dgm:outputPort name="ReadWOTSewerAIData" X="127" Y="0" diameter="20" imageURI="oracle/tip/tools/ide/fabric/resource/image/visuals_rd1/servicereference.png" interface="http://xmlns.oracle.com/pcbpel/adapter/db/Ivara12c/IvaraToSewerAI/ReadWOTSewerAIData#wsdl.interface(ReadWOTSewerAIData_ptt)"/>
        <dgm:nodeIcon URI="/oracle/tip/tools/ide/adapters/designtime/adapter/images/db_adapter_20x20.png" X="20" Y="4" width="20" height="20"/>
        <dgm:operations>
            <dgm:item>receive</dgm:item>
        </dgm:operations>
    </dgm:gService>
    <dgm:gReference name="ExportWOTUpdate_sp">
        <dgm:body borderWidth="2" arcRad="20" X="1122" Y="144" width="136" height="84">
            <dgm:borderColor r="153" g="153" b="153"/>
            <dgm:bgColor r="255" g="255" b="255"/>
        </dgm:body>
        <dgm:shadow arcRad="20" X="1112" Y="137" width="156" height="98">
            <dgm:bgColor r="196" g="228" b="240"/>
        </dgm:shadow>
        <dgm:inputPort name="ExportWOTUpdate_sp" X="-10" Y="0" diameter="20" imageURI="oracle/tip/tools/ide/fabric/resource/image/visuals_rd1/servicereference.png" interface="http://xmlns.oracle.com/pcbpel/adapter/file/Ivara12c/IvaraToSewerAI/ExportWOTUpdate_sp#wsdl.interface(Write_ptt)"/>
        <dgm:nodeIcon URI="/oracle/tip/tools/ide/adapters/designtime/adapter/images/file_adapter_20x20.png" X="27" Y="4" width="20" height="20"/>
        <dgm:operations>
            <dgm:item>Write</dgm:item>
        </dgm:operations>
    </dgm:gReference>
    <dgm:gReference name="UpdateWOTSewerAIData">
        <dgm:body borderWidth="2" arcRad="20" X="1122" Y="26" width="136" height="84">
            <dgm:borderColor r="153" g="153" b="153"/>
            <dgm:bgColor r="255" g="255" b="255"/>
        </dgm:body>
        <dgm:shadow arcRad="20" X="1112" Y="19" width="156" height="98">
            <dgm:bgColor r="196" g="228" b="240"/>
        </dgm:shadow>
        <dgm:inputPort name="UpdateWOTSewerAIData" X="-10" Y="0" diameter="20" imageURI="oracle/tip/tools/ide/fabric/resource/image/visuals_rd1/servicereference.png" interface="http://xmlns.oracle.com/pcbpel/adapter/db/Ivara12c/IvaraToSewerAI/UpdateWOTSewerAIData#wsdl.interface(UpdateWOTSewerAIData_ptt)"/>
        <dgm:nodeIcon URI="/oracle/tip/tools/ide/adapters/designtime/adapter/images/db_adapter_20x20.png" X="27" Y="4" width="20" height="20"/>
        <dgm:operations>
            <dgm:item>update</dgm:item>
        </dgm:operations>
    </dgm:gReference>
    <dgm:gReference name="SewerAIProjects">
        <dgm:body borderWidth="2" arcRad="20" X="1122" Y="262" width="136" height="84">
            <dgm:borderColor r="153" g="153" b="153"/>
            <dgm:bgColor r="255" g="255" b="255"/>
        </dgm:body>
        <dgm:shadow arcRad="20" X="1112" Y="255" width="156" height="98">
            <dgm:bgColor r="196" g="228" b="240"/>
        </dgm:shadow>
        <dgm:inputPort name="SewerAIProjects" X="-10" Y="0" diameter="20" imageURI="oracle/tip/tools/ide/fabric/resource/image/visuals_rd1/servicereference.png" interface="http://xmlns.oracle.com/Ivara12c/IvaraToSewerAI/SewerAIProjects#wsdl.interface(SewerAIProjects_ptt)"/>
        <dgm:nodeIcon URI="/oracle/tip/tools/ide/adapters/designtime/adapter/images/RestAdapterService20x20px.png" X="27" Y="4" width="20" height="20"/>
        <dgm:operations>
            <dgm:item>putProjects</dgm:item>
        </dgm:operations>
    </dgm:gReference>
    <dgm:gReference name="ReadCRInspect">
        <dgm:body borderWidth="2" arcRad="20" X="1122" Y="616" width="136" height="84">
            <dgm:borderColor r="153" g="153" b="153"/>
            <dgm:bgColor r="255" g="255" b="255"/>
        </dgm:body>
        <dgm:shadow arcRad="20" X="1112" Y="609" width="156" height="98">
            <dgm:bgColor r="196" g="228" b="240"/>
        </dgm:shadow>
        <dgm:inputPort name="ReadCRInspect" X="-10" Y="0" diameter="20" imageURI="oracle/tip/tools/ide/fabric/resource/image/visuals_rd1/servicereference.png" interface="http://xmlns.oracle.com/pcbpel/adapter/db/Ivara12c/IvaraToSewerAI/ReadCRInspect#wsdl.interface(ReadCRInspect_ptt)"/>
        <dgm:nodeIcon URI="/oracle/tip/tools/ide/adapters/designtime/adapter/images/db_adapter_20x20.png" X="27" Y="4" width="20" height="20"/>
        <dgm:operations>
            <dgm:item>ReadCRInspectSelect</dgm:item>
        </dgm:operations>
    </dgm:gReference>
    <dgm:gReference name="UpdateCRInspectStatus">
        <dgm:body borderWidth="2" arcRad="20" X="1122" Y="498" width="136" height="84">
            <dgm:borderColor r="153" g="153" b="153"/>
            <dgm:bgColor r="255" g="255" b="255"/>
        </dgm:body>
        <dgm:shadow arcRad="20" X="1112" Y="491" width="156" height="98">
            <dgm:bgColor r="196" g="228" b="240"/>
        </dgm:shadow>
        <dgm:inputPort name="UpdateCRInspectStatus" X="-10" Y="0" diameter="20" imageURI="oracle/tip/tools/ide/fabric/resource/image/visuals_rd1/servicereference.png" interface="http://xmlns.oracle.com/pcbpel/adapter/db/Ivara12c/IvaraToSewerAI/UpdateCRInspectStatus#wsdl.interface(UpdateCRInspectStatus_ptt)"/>
        <dgm:nodeIcon URI="/oracle/tip/tools/ide/adapters/designtime/adapter/images/db_adapter_20x20.png" X="27" Y="4" width="20" height="20"/>
        <dgm:operations>
            <dgm:item>update</dgm:item>
        </dgm:operations>
    </dgm:gReference>
    <dgm:gReference name="SewerAIVideos">
        <dgm:body borderWidth="2" arcRad="20" X="1122" Y="734" width="136" height="108">
            <dgm:borderColor r="153" g="153" b="153"/>
            <dgm:bgColor r="255" g="255" b="255"/>
        </dgm:body>
        <dgm:shadow arcRad="20" X="1112" Y="727" width="156" height="122">
            <dgm:bgColor r="196" g="228" b="240"/>
        </dgm:shadow>
        <dgm:inputPort name="SewerAIVideos" X="-10" Y="0" diameter="20" imageURI="oracle/tip/tools/ide/fabric/resource/image/visuals_rd1/servicereference.png" interface="http://xmlns.oracle.com/Ivara12c/IvaraToSewerAI/SewerAIVideos#wsdl.interface(SewerAIVideos_ptt)"/>
        <dgm:nodeIcon URI="/oracle/tip/tools/ide/adapters/designtime/adapter/images/RestAdapterService20x20px.png" X="27" Y="4" width="20" height="20"/>
        <dgm:operations>
            <dgm:item>putVideosLACP</dgm:item>
            <dgm:item>putVideosMACP</dgm:item>
            <dgm:item>putVideosPACP</dgm:item>
        </dgm:operations>
    </dgm:gReference>
    <dgm:gReference name="ExportInspectUpdate_sp">
        <dgm:body borderWidth="2" arcRad="20" X="1122" Y="380" width="136" height="84">
            <dgm:borderColor r="153" g="153" b="153"/>
            <dgm:bgColor r="255" g="255" b="255"/>
        </dgm:body>
        <dgm:shadow arcRad="20" X="1112" Y="373" width="156" height="98">
            <dgm:bgColor r="196" g="228" b="240"/>
        </dgm:shadow>
        <dgm:inputPort name="ExportInspectUpdate_sp" X="-10" Y="0" diameter="20" imageURI="oracle/tip/tools/ide/fabric/resource/image/visuals_rd1/servicereference.png" interface="http://xmlns.oracle.com/pcbpel/adapter/file/Ivara12c/IvaraToSewerAI/ExportInspectUpdate_sp#wsdl.interface(Write_ptt)"/>
        <dgm:nodeIcon URI="/oracle/tip/tools/ide/adapters/designtime/adapter/images/file_adapter_20x20.png" X="27" Y="4" width="20" height="20"/>
        <dgm:operations>
            <dgm:item>Write</dgm:item>
        </dgm:operations>
    </dgm:gReference>
    <dgm:gComponent name="SendWOTChanges">
        <dgm:body borderWidth="2" arcRad="20" X="575" Y="318" width="130" height="211">
            <dgm:borderColor r="69" g="113" b="140"/>
            <dgm:lightBgColor r="166" g="208" b="230"/>
            <dgm:darkBgColor r="99" g="162" b="201"/>
        </dgm:body>
        <dgm:shadow arcRad="20" X="565" Y="311" width="150" height="227">
            <dgm:bgColor r="196" g="228" b="240"/>
        </dgm:shadow>
        <dgm:inputPort name="ReadWOTSewerAIData" X="-10" Y="15" diameter="20" imageURI="oracle/tip/tools/ide/fabric/resource/image/visuals_rd1/servicereference.png" interface="http://xmlns.oracle.com/pcbpel/adapter/db/Ivara12c/IvaraToSewerAI/ReadWOTSewerAIData#wsdl.interface(ReadWOTSewerAIData_ptt)"/>
        <dgm:outputPort name="UpdateWOTSewerAIData" X="120" Y="15" diameter="20" imageURI="oracle/tip/tools/ide/fabric/resource/image/visuals_rd1/servicereference.png" interface="http://xmlns.oracle.com/pcbpel/adapter/db/Ivara12c/IvaraToSewerAI/UpdateWOTSewerAIData#wsdl.interface(UpdateWOTSewerAIData_ptt)"/>
        <dgm:outputPort name="ExportWOTUpdate_sp" X="120" Y="40" diameter="20" imageURI="oracle/tip/tools/ide/fabric/resource/image/visuals_rd1/servicereference.png" interface="http://xmlns.oracle.com/pcbpel/adapter/file/Ivara12c/IvaraToSewerAI/ExportWOTUpdate_sp#wsdl.interface(Write_ptt)"/>
        <dgm:outputPort name="SewerAIProjects" X="120" Y="65" diameter="20" imageURI="oracle/tip/tools/ide/fabric/resource/image/visuals_rd1/servicereference.png" interface="http://xmlns.oracle.com/Ivara12c/IvaraToSewerAI/SewerAIProjects#wsdl.interface(SewerAIProjects_ptt)"/>
        <dgm:outputPort name="ExportInspectUpdate_sp" X="120" Y="90" diameter="20" imageURI="oracle/tip/tools/ide/fabric/resource/image/visuals_rd1/servicereference.png" interface="http://xmlns.oracle.com/pcbpel/adapter/file/Ivara12c/IvaraToSewerAI/ExportInspectUpdate_sp#wsdl.interface(Write_ptt)"/>
        <dgm:outputPort name="UpdateCRInspectStatus" X="120" Y="115" diameter="20" imageURI="oracle/tip/tools/ide/fabric/resource/image/visuals_rd1/servicereference.png" interface="http://xmlns.oracle.com/pcbpel/adapter/db/Ivara12c/IvaraToSewerAI/UpdateCRInspectStatus#wsdl.interface(UpdateCRInspectStatus_ptt)"/>
        <dgm:outputPort name="ReadCRInspect" X="120" Y="140" diameter="20" imageURI="oracle/tip/tools/ide/fabric/resource/image/visuals_rd1/servicereference.png" interface="http://xmlns.oracle.com/pcbpel/adapter/db/Ivara12c/IvaraToSewerAI/ReadCRInspect#wsdl.interface(ReadCRInspect_ptt)"/>
        <dgm:outputPort name="SewerAIVideos" X="120" Y="165" diameter="20" imageURI="oracle/tip/tools/ide/fabric/resource/image/visuals_rd1/servicereference.png" interface="http://xmlns.oracle.com/Ivara12c/IvaraToSewerAI/SewerAIVideos#wsdl.interface(SewerAIVideos_ptt)"/>
        <dgm:nodeIcon URI="/oracle/tip/tools/ide/bpel/shared/plugins/resources/images/soa/process_20x20.png" X="10" Y="4" width="20" height="20"/>
    </dgm:gComponent>
    <dgm:gWireLink source="SendWOTChanges/UpdateWOTSewerAIData" target="UpdateWOTSewerAIData" width="2">
        <dgm:gSegment X1="715" Y1="343" X2="739" Y2="343"/>
        <dgm:gSegment X1="739" Y1="343" X2="739" Y2="36"/>
        <dgm:gSegment X1="739" Y1="36" X2="1112" Y2="36"/>
        <dgm:baseColor r="153" g="153" b="153"/>
        <dgm:selectedColor r="49" g="106" b="196"/>
    </dgm:gWireLink>
    <dgm:gWireLink source="SendWOTChanges/ExportWOTUpdate_sp" target="ExportWOTUpdate_sp" width="2">
        <dgm:gSegment X1="715" Y1="368" X2="754" Y2="368"/>
        <dgm:gSegment X1="754" Y1="368" X2="754" Y2="154"/>
        <dgm:gSegment X1="754" Y1="154" X2="1112" Y2="154"/>
        <dgm:baseColor r="153" g="153" b="153"/>
        <dgm:selectedColor r="49" g="106" b="196"/>
    </dgm:gWireLink>
    <dgm:gWireLink source="SendWOTChanges/SewerAIProjects" target="SewerAIProjects" width="2">
        <dgm:gSegment X1="715" Y1="393" X2="769" Y2="393"/>
        <dgm:gSegment X1="769" Y1="393" X2="769" Y2="272"/>
        <dgm:gSegment X1="769" Y1="272" X2="1112" Y2="272"/>
        <dgm:baseColor r="153" g="153" b="153"/>
        <dgm:selectedColor r="49" g="106" b="196"/>
    </dgm:gWireLink>
    <dgm:gWireLink source="ReadWOTSewerAIData" target="SendWOTChanges/ReadWOTSewerAIData" width="2">
        <dgm:gSegment X1="168" Y1="343" X2="565" Y2="343"/>
        <dgm:baseColor r="153" g="153" b="153"/>
        <dgm:selectedColor r="49" g="106" b="196"/>
    </dgm:gWireLink>
    <dgm:gWireLink source="SendWOTChanges/ReadCRInspect" target="ReadCRInspect" width="2">
        <dgm:gSegment X1="715" Y1="468" X2="754" Y2="468"/>
        <dgm:gSegment X1="754" Y1="468" X2="754" Y2="626"/>
        <dgm:gSegment X1="754" Y1="626" X2="1112" Y2="626"/>
        <dgm:baseColor r="153" g="153" b="153"/>
        <dgm:selectedColor r="49" g="106" b="196"/>
    </dgm:gWireLink>
    <dgm:gWireLink source="SendWOTChanges/ExportInspectUpdate_sp" target="ExportInspectUpdate_sp" width="2">
        <dgm:gSegment X1="715" Y1="418" X2="784" Y2="418"/>
        <dgm:gSegment X1="784" Y1="418" X2="784" Y2="390"/>
        <dgm:gSegment X1="784" Y1="390" X2="1112" Y2="390"/>
        <dgm:baseColor r="153" g="153" b="153"/>
        <dgm:selectedColor r="49" g="106" b="196"/>
    </dgm:gWireLink>
    <dgm:gWireLink source="SendWOTChanges/SewerAIVideos" target="SewerAIVideos" width="2">
        <dgm:gSegment X1="715" Y1="493" X2="739" Y2="493"/>
        <dgm:gSegment X1="739" Y1="493" X2="739" Y2="744"/>
        <dgm:gSegment X1="739" Y1="744" X2="1112" Y2="744"/>
        <dgm:baseColor r="153" g="153" b="153"/>
        <dgm:selectedColor r="49" g="106" b="196"/>
    </dgm:gWireLink>
    <dgm:gWireLink source="SendWOTChanges/UpdateCRInspectStatus" target="UpdateCRInspectStatus" width="2">
        <dgm:gSegment X1="715" Y1="443" X2="769" Y2="443"/>
        <dgm:gSegment X1="769" Y1="443" X2="769" Y2="508"/>
        <dgm:gSegment X1="769" Y1="508" X2="1112" Y2="508"/>
        <dgm:baseColor r="153" g="153" b="153"/>
        <dgm:selectedColor r="49" g="106" b="196"/>
    </dgm:gWireLink>
</dgm:gDiagram>