<?xml version = '1.0' encoding = 'UTF-8'?>
<!DOCTYPE properties SYSTEM "http://java.sun.com/dtd/properties.dtd">
<properties>
   <entry key="CUSTOMERDATA.V_CR_INSPECT_TO_SEND.DOWN_ELEVATION:db_column_type">NUMBER</entry>
   <entry key="CUSTOMERDATA.V_CR_INSPECT_TO_SEND.INSPECTIONID:db_column_size">36</entry>
   <entry key="CUSTOMERDATA.V_CR_INSPECT_TO_SEND.SIZE:db_column_size">100</entry>
   <entry key="CUSTOMERDATA.V_CR_INSPECT_TO_SEND.YEAR_CONSTRUCTED:db_column_type">NUMBER</entry>
   <entry key="CUSTOMERDATA.V_CR_INSPECT_TO_SEND.DRAINAGE_AREA:db_column_type">VARCHAR2</entry>
   <entry key="CUSTOMERDATA.V_CR_INSPECT_TO_SEND.MATERIAL:db_column_not_null">false</entry>
   <entry key="CUSTOMERDATA.V_CR_INSPECT_TO_SEND.DOWNSTREAM_MH:db_column_type">VARCHAR2</entry>
   <entry key="CUSTOMERDATA.V_CR_INSPECT_TO_SEND.TOTAL_LENGTH:db_column_type">NUMBER</entry>
   <entry key="CUSTOMERDATA.V_CR_INSPECT_TO_SEND.COVER_SHAPE:db_column_size">20</entry>
   <entry key="CUSTOMERDATA.V_CR_INSPECT_TO_SEND.PROJECT:db_column_type">VARCHAR2</entry>
   <entry key="CUSTOMERDATA.V_CR_INSPECT_TO_SEND.INSPECTION_TYPE:db_column_not_null">false</entry>
   <entry key="CUSTOMERDATA.V_CR_INSPECT_TO_SEND.CITY:db_column_type">CHAR</entry>
   <entry key="CUSTOMERDATA.V_CR_INSPECT_TO_SEND.UP_GRADE_TO_INVERT:db_column_type">NUMBER</entry>
   <entry key="CUSTOMERDATA.V_CR_INSPECT_TO_SEND.ELEVATION:db_column_not_null">false</entry>
   <entry key="CUSTOMERDATA.V_CR_INSPECT_TO_SEND.WALL_MATERIAL:db_column_size">20</entry>
   <entry key="CUSTOMERDATA.V_CR_INSPECT_TO_SEND.ACCESS_TYPE:db_column_type">VARCHAR2</entry>
   <entry key="CUSTOMERDATA.V_CR_INSPECT_TO_SEND.PIPE_SEGMENT_REFERENCE:db_column_not_null">false</entry>
   <entry key="CUSTOMERDATA.V_CR_INSPECT_TO_SEND.FACILITY_ID:db_column_size">200</entry>
   <entry key="CUSTOMERDATA.V_CR_INSPECT_TO_SEND.STREET:db_column_type">VARCHAR2</entry>
   <entry key="CUSTOMERDATA.V_CR_INSPECT_TO_SEND.DRAINAGE_AREA:db_column_size">200</entry>
   <entry key="CUSTOMERDATA.V_CR_INSPECT_TO_SEND.TOTAL_LENGTH:db_column_not_null">false</entry>
   <entry key="CUSTOMERDATA.V_CR_INSPECT_TO_SEND.TOTAL_LENGTH:db_column_scale">0</entry>
   <entry key="CUSTOMERDATA.V_CR_INSPECT_TO_SEND.DOWN_GRADE_TO_INVERT:db_column_not_null">false</entry>
   <entry key="CUSTOMERDATA.V_CR_INSPECT_TO_SEND.DOWNSTREAM_MH:db_column_size">15</entry>
   <entry key="CUSTOMERDATA.V_CR_INSPECT_TO_SEND.PROJECT_SID:db_column_type">VARCHAR2</entry>
   <entry key="CUSTOMERDATA.V_CR_INSPECT_TO_SEND.PROJECT:db_column_size">503</entry>
   <entry key="CUSTOMERDATA.V_CR_INSPECT_TO_SEND.CITY:db_column_size">8</entry>
   <entry key="CUSTOMERDATA.V_CR_INSPECT_TO_SEND.ACCESS_TYPE:db_column_size">50</entry>
   <entry key="CUSTOMERDATA.V_CR_INSPECT_TO_SEND.HEIGHT:db_column_type">NUMBER</entry>
   <entry key="CUSTOMERDATA.V_CR_INSPECT_TO_SEND.ELEVATION:db_column_precision">38</entry>
   <entry key="CUSTOMERDATA.V_CR_INSPECT_TO_SEND.FRAME_MATERIAL:db_column_type">VARCHAR2</entry>
   <entry key="CUSTOMERDATA.V_CR_INSPECT_TO_SEND.WORKORDER:db_column_not_null">false</entry>
   <entry key="CUSTOMERDATA.V_CR_INSPECT_TO_SEND.WALL_BYSIZE:db_column_type">NUMBER</entry>
   <entry key="CUSTOMERDATA.V_CR_INSPECT_TO_SEND.FEED_STATUS:db_column_not_null">false</entry>
   <entry key="CUSTOMERDATA.V_CR_INSPECT_TO_SEND.WORKORDER:db_column_type">VARCHAR2</entry>
   <entry key="CUSTOMERDATA.V_CR_INSPECT_TO_SEND.STREET:db_column_size">400</entry>
   <entry key="CUSTOMERDATA.V_CR_INSPECT_TO_SEND.WALL_DEPTH:db_column_scale">0</entry>
   <entry key="CUSTOMERDATA.V_CR_INSPECT_TO_SEND.FACILITY_ID:db_column_not_null">false</entry>
   <entry key="CUSTOMERDATA.V_CR_INSPECT_TO_SEND.STREET:db_column_not_null">false</entry>
   <entry key="CUSTOMERDATA.V_CR_INSPECT_TO_SEND.HEIGHT:db_column_not_null">false</entry>
   <entry key="CUSTOMERDATA.V_CR_INSPECT_TO_SEND.SHAPE:db_column_not_null">false</entry>
   <entry key="CUSTOMERDATA.V_CR_INSPECT_TO_SEND.PROJECT_SID:db_column_size">36</entry>
   <entry key="CUSTOMERDATA.V_CR_INSPECT_TO_SEND.UP_GRADE_TO_INVERT:db_column_precision">38</entry>
   <entry key="CUSTOMERDATA.V_CR_INSPECT_TO_SEND.WALL_BYSIZE:db_column_not_null">false</entry>
   <entry key="CUSTOMERDATA.V_CR_INSPECT_TO_SEND:db_column_40">FEED_STATUS</entry>
   <entry key="CUSTOMERDATA.V_CR_INSPECT_TO_SEND:db_column_9">LATERAL_SEGMENT_REFERENCE</entry>
   <entry key="CUSTOMERDATA.V_CR_INSPECT_TO_SEND:db_column_8">PIPE_SEGMENT_REFERENCE</entry>
   <entry key="CUSTOMERDATA.V_CR_INSPECT_TO_SEND.WALL_DEPTH:db_column_type">NUMBER</entry>
   <entry key="CUSTOMERDATA.V_CR_INSPECT_TO_SEND:db_column_7">ADDITIONAL_INFO</entry>
   <entry key="CUSTOMERDATA.V_CR_INSPECT_TO_SEND:db_column_6">PO_NUMBER</entry>
   <entry key="CUSTOMERDATA.V_CR_INSPECT_TO_SEND.FACILITYOI:db_column_type">NUMBER</entry>
   <entry key="CUSTOMERDATA.V_CR_INSPECT_TO_SEND:db_column_5">PROJECT</entry>
   <entry key="CUSTOMERDATA.V_CR_INSPECT_TO_SEND.DRAINAGE_AREA:db_column_not_null">false</entry>
   <entry key="CUSTOMERDATA.V_CR_INSPECT_TO_SEND:db_column_4">WORKORDER</entry>
   <entry key="CUSTOMERDATA.V_CR_INSPECT_TO_SEND:db_column_3">INSPECTIONID</entry>
   <entry key="CUSTOMERDATA.V_CR_INSPECT_TO_SEND.INSPECTION_TYPE:db_column_type">VARCHAR2</entry>
   <entry key="CUSTOMERDATA.V_CR_INSPECT_TO_SEND:db_column_2">PROJECT_SID</entry>
   <entry key="CUSTOMERDATA.V_CR_INSPECT_TO_SEND:db_column_1">PIP_TYPE</entry>
   <entry key="CUSTOMERDATA.V_CR_INSPECT_TO_SEND:db_column_0">INSPECTION_TYPE</entry>
   <entry key="CUSTOMERDATA.V_CR_INSPECT_TO_SEND.FRAME_MATERIAL:db_column_size">100</entry>
   <entry key="CUSTOMERDATA.V_CR_INSPECT_TO_SEND.FACILITYOI:db_column_scale">0</entry>
   <entry key="CUSTOMERDATA.V_CR_INSPECT_TO_SEND.WALL_MATERIAL:db_column_not_null">false</entry>
   <entry key="CUSTOMERDATA.V_CR_INSPECT_TO_SEND.WORKORDER:db_column_size">15</entry>
   <entry key="CUSTOMERDATA.V_CR_INSPECT_TO_SEND:db_column_39">DRAINAGE_AREA</entry>
   <entry key="CUSTOMERDATA.V_CR_INSPECT_TO_SEND:db_column_38">SIZE</entry>
   <entry key="CUSTOMERDATA.V_CR_INSPECT_TO_SEND:db_column_37">YEAR_CONSTRUCTED</entry>
   <entry key="CUSTOMERDATA.V_CR_INSPECT_TO_SEND:db_column_36">TOTAL_LENGTH</entry>
   <entry key="CUSTOMERDATA.V_CR_INSPECT_TO_SEND:db_column_35">CITY</entry>
   <entry key="CUSTOMERDATA.V_CR_INSPECT_TO_SEND:db_column_34">STREET</entry>
   <entry key="CUSTOMERDATA.V_CR_INSPECT_TO_SEND.ADDITIONAL_INFO:db_column_type">CLOB</entry>
   <entry key="CUSTOMERDATA.V_CR_INSPECT_TO_SEND:db_column_33">DOWN_GRADE_TO_INVERT</entry>
   <entry key="CUSTOMERDATA.V_CR_INSPECT_TO_SEND:db_column_32">DOWN_ELEVATION</entry>
   <entry key="CUSTOMERDATA.V_CR_INSPECT_TO_SEND:db_column_31">UP_GRADE_TO_INVERT</entry>
   <entry key="CUSTOMERDATA.V_CR_INSPECT_TO_SEND:db_column_30">UP_ELEVATION</entry>
   <entry key="return_single_result_set">true</entry>
   <entry key="CUSTOMERDATA.V_CR_INSPECT_TO_SEND.UPSTREAM_MH:db_column_type">VARCHAR2</entry>
   <entry key="CUSTOMERDATA.V_CR_INSPECT_TO_SEND.YEAR_CONSTRUCTED:db_column_scale">0</entry>
   <entry key="CUSTOMERDATA.V_CR_INSPECT_TO_SEND.FACILITY_TYPE:db_column_scale">0</entry>
   <entry key="CUSTOMERDATA.V_CR_INSPECT_TO_SEND.FACILITY_TYPE:db_column_precision">38</entry>
   <entry key="CUSTOMERDATA.V_CR_INSPECT_TO_SEND.YEAR_CONSTRUCTED:db_column_not_null">false</entry>
   <entry key="CUSTOMERDATA.V_CR_INSPECT_TO_SEND.PO_NUMBER:db_column_not_null">false</entry>
   <entry key="CUSTOMERDATA.V_CR_INSPECT_TO_SEND.LATERAL_SEGMENT_REFERENCE:db_column_type">VARCHAR2</entry>
   <entry key="CUSTOMERDATA.V_CR_INSPECT_TO_SEND.ADDITIONAL_INFO:db_column_not_null">false</entry>
   <entry key="CUSTOMERDATA.V_CR_INSPECT_TO_SEND:db_column_29">HEIGHT</entry>
   <entry key="CUSTOMERDATA.V_CR_INSPECT_TO_SEND:db_column_28">FRAME_MATERIAL</entry>
   <entry key="CUSTOMERDATA.V_CR_INSPECT_TO_SEND:db_column_27">ELEVATION</entry>
   <entry key="CUSTOMERDATA.V_CR_INSPECT_TO_SEND.INSPECTION_TYPE:db_column_size">5</entry>
   <entry key="CUSTOMERDATA.V_CR_INSPECT_TO_SEND:db_column_26">WALL_DEPTH</entry>
   <entry key="CUSTOMERDATA.V_CR_INSPECT_TO_SEND:db_column_25">WALL_BYSIZE</entry>
   <entry key="CUSTOMERDATA.V_CR_INSPECT_TO_SEND:db_column_24">CHANNEL_MATERIAL</entry>
   <entry key="CUSTOMERDATA.V_CR_INSPECT_TO_SEND:db_column_23">BENCH_MATERIAL</entry>
   <entry key="CUSTOMERDATA.V_CR_INSPECT_TO_SEND:db_column_22">WALL_MATERIAL</entry>
   <entry key="CUSTOMERDATA.V_CR_INSPECT_TO_SEND:db_column_21">MH_USE</entry>
   <entry key="CUSTOMERDATA.V_CR_INSPECT_TO_SEND:db_column_20">ACCESS_TYPE</entry>
   <entry key="CUSTOMERDATA.V_CR_INSPECT_TO_SEND.BENCH_MATERIAL:db_column_type">VARCHAR2</entry>
   <entry key="CUSTOMERDATA.V_CR_INSPECT_TO_SEND.DOWN_GRADE_TO_INVERT:db_column_scale">0</entry>
   <entry key="CUSTOMERDATA.V_CR_INSPECT_TO_SEND.DOWN_ELEVATION:db_column_scale">0</entry>
   <entry key="CUSTOMERDATA.V_CR_INSPECT_TO_SEND.WALL_BYSIZE:db_column_precision">38</entry>
   <entry key="CUSTOMERDATA.V_CR_INSPECT_TO_SEND.INSPECTIONID:db_column_not_null">false</entry>
   <entry key="CUSTOMERDATA.V_CR_INSPECT_TO_SEND.ACCESS_TYPE:db_column_not_null">false</entry>
   <entry key="CUSTOMERDATA.V_CR_INSPECT_TO_SEND.MANHOLE_NUMBER:db_column_not_null">false</entry>
   <entry key="CUSTOMERDATA.V_CR_INSPECT_TO_SEND.UPSTREAM_MH:db_column_size">15</entry>
   <entry key="CUSTOMERDATA.V_CR_INSPECT_TO_SEND:db_column_19">SHAPE</entry>
   <entry key="CUSTOMERDATA.V_CR_INSPECT_TO_SEND:db_column_18">FACILITYOI</entry>
   <entry key="CUSTOMERDATA.V_CR_INSPECT_TO_SEND:db_column_17">FACILITY_ID</entry>
   <entry key="CUSTOMERDATA.V_CR_INSPECT_TO_SEND:db_column_16">FACILITY_TYPE</entry>
   <entry key="CUSTOMERDATA.V_CR_INSPECT_TO_SEND.ELEVATION:db_column_scale">0</entry>
   <entry key="CUSTOMERDATA.V_CR_INSPECT_TO_SEND:db_column_15">DOWNSTREAM_MH</entry>
   <entry key="CUSTOMERDATA.V_CR_INSPECT_TO_SEND.FACILITYOI:db_column_precision">38</entry>
   <entry key="CUSTOMERDATA.V_CR_INSPECT_TO_SEND:db_column_14">UPSTREAM_MH</entry>
   <entry key="CUSTOMERDATA.V_CR_INSPECT_TO_SEND:db_column_13">COVER_SHAPE</entry>
   <entry key="CUSTOMERDATA.V_CR_INSPECT_TO_SEND:db_column_12">PIPE_USE</entry>
   <entry key="CUSTOMERDATA.V_CR_INSPECT_TO_SEND:db_column_11">MATERIAL</entry>
   <entry key="CUSTOMERDATA.V_CR_INSPECT_TO_SEND:db_column_10">MANHOLE_NUMBER</entry>
   <entry key="CUSTOMERDATA.V_CR_INSPECT_TO_SEND.LATERAL_SEGMENT_REFERENCE:db_column_size">15</entry>
   <entry key="CUSTOMERDATA.V_CR_INSPECT_TO_SEND.PIP_TYPE:db_column_not_null">false</entry>
   <entry key="CUSTOMERDATA.V_CR_INSPECT_TO_SEND.PROJECT:db_column_not_null">false</entry>
   <entry key="CUSTOMERDATA.V_CR_INSPECT_TO_SEND.FACILITYOI:db_column_not_null">false</entry>
   <entry key="CUSTOMERDATA.V_CR_INSPECT_TO_SEND.DOWN_ELEVATION:db_column_not_null">false</entry>
   <entry key="CUSTOMERDATA.V_CR_INSPECT_TO_SEND.WALL_DEPTH:db_column_not_null">false</entry>
   <entry key="CUSTOMERDATA.V_CR_INSPECT_TO_SEND.MATERIAL:db_column_type">VARCHAR2</entry>
   <entry key="CUSTOMERDATA.V_CR_INSPECT_TO_SEND.MANHOLE_NUMBER:db_column_type">VARCHAR2</entry>
   <entry key="CUSTOMERDATA.V_CR_INSPECT_TO_SEND.YEAR_CONSTRUCTED:db_column_precision">38</entry>
   <entry key="CUSTOMERDATA.V_CR_INSPECT_TO_SEND.UP_GRADE_TO_INVERT:db_column_not_null">false</entry>
   <entry key="CUSTOMERDATA.V_CR_INSPECT_TO_SEND.FRAME_MATERIAL:db_column_not_null">false</entry>
   <entry key="CUSTOMERDATA.V_CR_INSPECT_TO_SEND.BENCH_MATERIAL:db_column_size">20</entry>
   <entry key="CUSTOMERDATA.V_CR_INSPECT_TO_SEND.CHANNEL_MATERIAL:db_column_not_null">false</entry>
   <entry key="CUSTOMERDATA.V_CR_INSPECT_TO_SEND.UP_ELEVATION:db_column_not_null">false</entry>
   <entry key="CUSTOMERDATA.V_CR_INSPECT_TO_SEND.HEIGHT:db_column_scale">0</entry>
   <entry key="CUSTOMERDATA.V_CR_INSPECT_TO_SEND.PROJECT_SID:db_column_not_null">false</entry>
   <entry key="CUSTOMERDATA.V_CR_INSPECT_TO_SEND.BENCH_MATERIAL:db_column_not_null">false</entry>
   <entry key="CUSTOMERDATA.V_CR_INSPECT_TO_SEND.FACILITY_TYPE:db_column_type">NUMBER</entry>
   <entry key="CUSTOMERDATA.V_CR_INSPECT_TO_SEND.UP_ELEVATION:db_column_precision">38</entry>
   <entry key="CUSTOMERDATA.V_CR_INSPECT_TO_SEND.CHANNEL_MATERIAL:db_column_type">VARCHAR2</entry>
   <entry key="CUSTOMERDATA.V_CR_INSPECT_TO_SEND.WALL_BYSIZE:db_column_scale">0</entry>
   <entry key="CUSTOMERDATA.V_CR_INSPECT_TO_SEND.PO_NUMBER:db_column_type">VARCHAR2</entry>
   <entry key="CUSTOMERDATA.V_CR_INSPECT_TO_SEND.DOWNSTREAM_MH:db_column_not_null">false</entry>
   <entry key="root_descriptor_alias">CUSTOMERDATA.V_CR_INSPECT_TO_SEND</entry>
   <entry key="CUSTOMERDATA.V_CR_INSPECT_TO_SEND.MATERIAL:db_column_size">200</entry>
   <entry key="CUSTOMERDATA.V_CR_INSPECT_TO_SEND.MANHOLE_NUMBER:db_column_size">15</entry>
   <entry key="CUSTOMERDATA.V_CR_INSPECT_TO_SEND.LATERAL_SEGMENT_REFERENCE:db_column_not_null">false</entry>
   <entry key="CUSTOMERDATA.V_CR_INSPECT_TO_SEND.CITY:db_column_not_null">false</entry>
   <entry key="CUSTOMERDATA.V_CR_INSPECT_TO_SEND.FACILITY_TYPE:db_column_not_null">false</entry>
   <entry key="CUSTOMERDATA.V_CR_INSPECT_TO_SEND:db_table_type">TABLE</entry>
   <entry key="CUSTOMERDATA.V_CR_INSPECT_TO_SEND.FEED_STATUS:db_column_type">VARCHAR2</entry>
   <entry key="CUSTOMERDATA.V_CR_INSPECT_TO_SEND.UP_GRADE_TO_INVERT:db_column_scale">0</entry>
   <entry key="CUSTOMERDATA.V_CR_INSPECT_TO_SEND.DOWN_GRADE_TO_INVERT:db_column_type">NUMBER</entry>
   <entry key="CUSTOMERDATA.V_CR_INSPECT_TO_SEND.ELEVATION:db_column_type">NUMBER</entry>
   <entry key="CUSTOMERDATA.V_CR_INSPECT_TO_SEND.MH_USE:db_column_type">VARCHAR2</entry>
   <entry key="CUSTOMERDATA.V_CR_INSPECT_TO_SEND.DOWN_GRADE_TO_INVERT:db_column_precision">38</entry>
   <entry key="CUSTOMERDATA.V_CR_INSPECT_TO_SEND.SIZE:db_column_not_null">false</entry>
   <entry key="CUSTOMERDATA.V_CR_INSPECT_TO_SEND.UP_ELEVATION:db_column_scale">0</entry>
   <entry key="CUSTOMERDATA.V_CR_INSPECT_TO_SEND.CHANNEL_MATERIAL:db_column_size">20</entry>
   <entry key="CUSTOMERDATA.V_CR_INSPECT_TO_SEND.HEIGHT:db_column_precision">38</entry>
   <entry key="CUSTOMERDATA.V_CR_INSPECT_TO_SEND.PO_NUMBER:db_column_size">50</entry>
   <entry key="CUSTOMERDATA.V_CR_INSPECT_TO_SEND.SHAPE:db_column_type">VARCHAR2</entry>
   <entry key="CUSTOMERDATA.V_CR_INSPECT_TO_SEND.UPSTREAM_MH:db_column_not_null">false</entry>
   <entry key="CUSTOMERDATA.V_CR_INSPECT_TO_SEND.FEED_STATUS:db_column_size">50</entry>
   <entry key="CUSTOMERDATA.V_CR_INSPECT_TO_SEND.PIPE_USE:db_column_type">VARCHAR2</entry>
   <entry key="CUSTOMERDATA.V_CR_INSPECT_TO_SEND.COVER_SHAPE:db_column_not_null">false</entry>
   <entry key="CUSTOMERDATA.V_CR_INSPECT_TO_SEND.PIPE_SEGMENT_REFERENCE:db_column_type">VARCHAR2</entry>
   <entry key="CUSTOMERDATA.V_CR_INSPECT_TO_SEND.PIP_TYPE:db_column_type">VARCHAR2</entry>
   <entry key="CUSTOMERDATA.V_CR_INSPECT_TO_SEND.MH_USE:db_column_size">50</entry>
   <entry key="CUSTOMERDATA.V_CR_INSPECT_TO_SEND.INSPECTIONID:db_column_type">VARCHAR2</entry>
   <entry key="CUSTOMERDATA.V_CR_INSPECT_TO_SEND.MH_USE:db_column_not_null">false</entry>
   <entry key="CUSTOMERDATA.V_CR_INSPECT_TO_SEND.SIZE:db_column_type">VARCHAR2</entry>
   <entry key="CUSTOMERDATA.V_CR_INSPECT_TO_SEND.COVER_SHAPE:db_column_type">VARCHAR2</entry>
   <entry key="CUSTOMERDATA.V_CR_INSPECT_TO_SEND.SHAPE:db_column_size">20</entry>
   <entry key="CUSTOMERDATA.V_CR_INSPECT_TO_SEND.TOTAL_LENGTH:db_column_precision">38</entry>
   <entry key="CUSTOMERDATA.V_CR_INSPECT_TO_SEND.WALL_MATERIAL:db_column_type">VARCHAR2</entry>
   <entry key="CUSTOMERDATA.V_CR_INSPECT_TO_SEND.UP_ELEVATION:db_column_type">NUMBER</entry>
   <entry key="CUSTOMERDATA.V_CR_INSPECT_TO_SEND.DOWN_ELEVATION:db_column_precision">38</entry>
   <entry key="CUSTOMERDATA.V_CR_INSPECT_TO_SEND.WALL_DEPTH:db_column_precision">38</entry>
   <entry key="CUSTOMERDATA.V_CR_INSPECT_TO_SEND.PIPE_USE:db_column_not_null">false</entry>
   <entry key="CUSTOMERDATA.V_CR_INSPECT_TO_SEND.FACILITY_ID:db_column_type">VARCHAR2</entry>
   <entry key="CUSTOMERDATA.V_CR_INSPECT_TO_SEND.PIPE_USE:db_column_size">50</entry>
   <entry key="CUSTOMERDATA.V_CR_INSPECT_TO_SEND.PIPE_SEGMENT_REFERENCE:db_column_size">15</entry>
   <entry key="CUSTOMERDATA.V_CR_INSPECT_TO_SEND.PIP_TYPE:db_column_size">200</entry>
</properties>