<?xml version = '1.0' encoding = 'UTF-8'?>
<!DOCTYPE properties SYSTEM "http://java.sun.com/dtd/properties.dtd">
<properties>
   <entry key="CUSTOMERDATA.EPSEWERAI_WOT_STG1.TASK_UUID:db_column_type">RAW</entry>
   <entry key="CUSTOMERDATA.EPSEWERAI_WOT_STG1.WOTASKTITLE:db_column_type">VARCHAR2</entry>
   <entry key="CUSTOMERDATA.EPSEWERAI_WOT_STG1.FEED_STATUS:db_column_size">50</entry>
   <entry key="CUSTOMERDATA.EPSEWERAI_WOT_STG1.TASK_UUID:db_column_not_null">true</entry>
   <entry key="CUSTOMERDATA.EPSEWERAI_WOT_STG1.WORKCLASSIFI_OI:db_column_precision">38</entry>
   <entry key="CUSTOMERDATA.EPSEWERAI_WOT_STG1.WORKCLASSIFI_OI:db_column_scale">0</entry>
   <entry key="CUSTOMERDATA.EPSEWERAI_WOT_STG1.PLNDSTRTDATE_DTTM:db_column_type">DATE</entry>
   <entry key="CUSTOMERDATA.EPSEWERAI_WOT_STG1.WORKCLASSIFI_OI:db_column_not_null">false</entry>
   <entry key="CUSTOMERDATA.EPSEWERAI_WOT_STG1.TASK_UUID:db_column_size">16</entry>
   <entry key="CUSTOMERDATA.EPSEWERAI_WOT_STG1.WOTASKTITLE:db_column_size">503</entry>
   <entry key="CUSTOMERDATA.EPSEWERAI_WOT_STG1.PLNDCOMPDATE_DTTM:db_column_type">DATE</entry>
   <entry key="CUSTOMERDATA.EPSEWERAI_WOT_STG1.PLNDCOMPDATE_DTTM:db_column_not_null">false</entry>
   <entry key="CUSTOMERDATA.EPSEWERAI_WOT_STG1.WOTASKTITLE:db_column_not_null">false</entry>
   <entry key="CUSTOMERDATA.EPSEWERAI_WOT_STG1.FEED_STATUS:db_column_type">VARCHAR2</entry>
   <entry key="CUSTOMERDATA.EPSEWERAI_WOT_STG1:db_table_type">TABLE</entry>
   <entry key="root_descriptor_alias">CUSTOMERDATA.EPSEWERAI_WOT_STG1</entry>
   <entry key="CUSTOMERDATA.EPSEWERAI_WOT_STG1.FEED_STATUS:db_column_not_null">false</entry>
   <entry key="CUSTOMERDATA.EPSEWERAI_WOT_STG1:db_column_5">FEED_STATUS</entry>
   <entry key="CUSTOMERDATA.EPSEWERAI_WOT_STG1:db_column_4">WORKCLASSIFI_OI</entry>
   <entry key="CUSTOMERDATA.EPSEWERAI_WOT_STG1:db_column_3">PLNDSTRTDATE_DTTM</entry>
   <entry key="CUSTOMERDATA.EPSEWERAI_WOT_STG1.WORKCLASSIFI_OI:db_column_type">NUMBER</entry>
   <entry key="CUSTOMERDATA.EPSEWERAI_WOT_STG1:db_column_2">PLNDCOMPDATE_DTTM</entry>
   <entry key="CUSTOMERDATA.EPSEWERAI_WOT_STG1:db_column_1">WOTASKTITLE</entry>
   <entry key="CUSTOMERDATA.EPSEWERAI_WOT_STG1:db_column_0">TASK_UUID</entry>
   <entry key="CUSTOMERDATA.EPSEWERAI_WOT_STG1.PLNDSTRTDATE_DTTM:db_column_not_null">false</entry>
</properties>